"675af318c6d9230296b75be0","2024-12-12T14:28:38.618Z","DataCsvProviderUtilTest","test()","null","FAIL",""
"675af33029bb9c54d547174d","2024-12-12T14:29:03.486Z","DataCsvProviderUtilTest","test()","null","FAIL",""
"675af33a6a98916ddcc9b017","2024-12-12T14:29:12.930Z","DataCsvProviderUtilTest","test()","null","FAIL",""
"675af34baeaa1c03441aba4f","2024-12-12T14:29:29.737Z","DataCsvProviderUtilTest","test()","null","SUCCESS",""
"675af37dc6b0440858ab910f","2024-12-12T14:30:19.884Z","DataCsvProviderUtilTest","test()","null","SUCCESS",""
"675af3a395d82411d10d08d0","2024-12-12T14:30:57.959Z","DataCsvProviderUtilTest","test()","null","SUCCESS",""
"675af4be2caa12305d160fa0","2024-12-12T14:35:39.353Z","DotaTrackerClient","putHeroes()","Saved all heroes","SUCCESS","system"
"675af4bf2caa12305d160fa1","2024-12-12T14:35:42.778Z","DotaTrackerClient","putPatches()","Saved all patches","SUCCESS","system"
"675af573f893df2b2ddc7018","2024-12-12T14:38:41.420Z","DotaTrackerClient","putHeroes()","Saved all heroes","SUCCESS","system"
"675af574f893df2b2ddc7019","2024-12-12T14:38:43.595Z","DotaTrackerClient","putPatches()","Saved all patches","SUCCESS","system"
"675b297eef990f3a91050aee","2024-12-12T18:20:41.872Z","DotaTrackerClient","putHeroes()","Saved all heroes","SUCCESS","system"
"675b297eef990f3a91050aef","2024-12-12T18:20:46.065Z","DotaTrackerClient","putPatches()","Saved all patches","SUCCESS","system"
"675b29beca5a77131103382f","2024-12-12T18:21:48.007Z","DotaTrackerClient","putHeroes()","Saved all heroes","SUCCESS","system"
"675b29beca5a771311033830","2024-12-12T18:21:50.128Z","DotaTrackerClient","putPatches()","Saved all patches","SUCCESS","system"
"675b2a0f97d93c2874813fed","2024-12-12T18:23:09.251Z","DotaTrackerClient","putHeroes()","Saved all heroes","SUCCESS","system"
"675b2a1097d93c2874813fee","2024-12-12T18:23:11.600Z","DotaTrackerClient","putPatches()","Saved all patches","SUCCESS","system"
"675b3e217f10fc0fbe31d301","2024-12-12T19:48:46.307Z","DotaTrackerClient","putHeroes()","Saved all heroes","SUCCESS","system"
"675b3e217f10fc0fbe31d302","2024-12-12T19:48:49.187Z","DotaTrackerClient","putPatches()","Saved all patches","SUCCESS","system"
"675b3e643bd43d26a625352e","2024-12-12T19:49:54.527Z","DotaTrackerClient","putHeroes()","Saved all heroes","SUCCESS","system"
"675b3e653bd43d26a625352f","2024-12-12T19:49:56.654Z","DotaTrackerClient","putPatches()","Saved all patches","SUCCESS","system"
"675b3ec4c081ae706ed22089","2024-12-12T19:51:30.967Z","DotaTrackerClient","putHeroes()","Saved all heroes","SUCCESS","system"
"675b3ec5c081ae706ed2208a","2024-12-12T19:51:32.819Z","DotaTrackerClient","putPatches()","Saved all patches","SUCCESS","system"
"675b3f113707d01517700053","2024-12-12T19:52:47.132Z","DotaTrackerClient","putHeroes()","Saved all heroes","SUCCESS","system"
"675b3f113707d01517700054","2024-12-12T19:52:49.096Z","DotaTrackerClient","putPatches()","Saved all patches","SUCCESS","system"
"675b3f6b7596d63ec85de04b","2024-12-12T19:54:16.153Z","DotaTrackerClient","putHeroes()","Saved all heroes","SUCCESS","system"
"675b3f6c7596d63ec85de04c","2024-12-12T19:54:19.356Z","DotaTrackerClient","putPatches()","Saved all patches","SUCCESS","system"
"675b40d1f4d354695a8a171a","2024-12-12T20:00:15.627Z","DotaTrackerClient","putHeroes()","Saved all heroes","SUCCESS","system"
"675b40d2f4d354695a8a171b","2024-12-12T20:00:17.858Z","DotaTrackerClient","putPatches()","Saved all patches","SUCCESS","system"
"675b40fb40427e558665b114","2024-12-12T20:00:57.639Z","DotaTrackerClient","putHeroes()","Saved all heroes","SUCCESS","system"
"675b40fd40427e558665b115","2024-12-12T20:00:59.937Z","DotaTrackerClient","putPatches()","Saved all patches","SUCCESS","system"
"675b4122bcc0ea040a784f87","2024-12-12T20:01:36.459Z","DotaTrackerClient","putHeroes()","Saved all heroes","SUCCESS","system"
"675b4123bcc0ea040a784f88","2024-12-12T20:01:38.702Z","DotaTrackerClient","putPatches()","Saved all patches","SUCCESS","system"
"675b4162a3c7bc36ac038f8f","2024-12-12T20:02:40.706Z","DotaTrackerClient","putHeroes()","Saved all heroes","SUCCESS","system"
"675b4163a3c7bc36ac038f90","2024-12-12T20:02:42.725Z","DotaTrackerClient","putPatches()","Saved all patches","SUCCESS","system"
"675b42deece1ec75f3f1aa48","2024-12-12T20:09:00.811Z","DotaTrackerClient","putHeroes()","Saved all heroes","SUCCESS","system"
"675b42dfece1ec75f3f1aa49","2024-12-12T20:09:02.760Z","DotaTrackerClient","putPatches()","Saved all patches","SUCCESS","system"
"675b4309be9ec80b6ac73c19","2024-12-12T20:09:42.183Z","DotaTrackerClient","putHeroes()","Saved all heroes","SUCCESS","system"
"675b430abe9ec80b6ac73c1a","2024-12-12T20:09:45.743Z","DotaTrackerClient","putPatches()","Saved all patches","SUCCESS","system"
"675b4362b163ce1cccb685a5","2024-12-12T20:11:12.864Z","DotaTrackerClient","putHeroes()","Saved all heroes","SUCCESS","system"
"675b4363b163ce1cccb685a6","2024-12-12T20:11:15.074Z","DotaTrackerClient","putPatches()","Saved all patches","SUCCESS","system"
"675b4c0b57d5f579e63a3b8b","2024-12-12T20:48:09.633Z","DotaTrackerClient","putHeroes()","Saved all heroes","SUCCESS","system"
"675b4c0c57d5f579e63a3b8c","2024-12-12T20:48:11.674Z","DotaTrackerClient","putPatches()","Saved all patches","SUCCESS","system"
"675b4d3a9321da45153bb0b7","2024-12-12T20:53:12.352Z","DotaTrackerClient","putHeroes()","Saved all heroes","SUCCESS","system"
"675b4d3b9321da45153bb0b8","2024-12-12T20:53:14.990Z","DotaTrackerClient","putPatches()","Saved all patches","SUCCESS","system"
"675b4db81c78dc2f2a88cacc","2024-12-12T20:55:18.790Z","DotaTrackerClient","putHeroes()","Saved all heroes","SUCCESS","system"
"675b4db91c78dc2f2a88cacd","2024-12-12T20:55:20.840Z","DotaTrackerClient","putPatches()","Saved all patches","SUCCESS","system"
"675b4dcac0dbd91a19a3509d","2024-12-12T20:55:36.592Z","DotaTrackerClient","putHeroes()","Saved all heroes","SUCCESS","system"
"675b4dcbc0dbd91a19a3509e","2024-12-12T20:55:38.755Z","DotaTrackerClient","putPatches()","Saved all patches","SUCCESS","system"
"675b4ddf8418a513fd6fe467","2024-12-12T20:55:57.096Z","DotaTrackerClient","putHeroes()","Saved all heroes","SUCCESS","system"
"675b4de08418a513fd6fe468","2024-12-12T20:56:00Z","DotaTrackerClient","putPatches()","Saved all patches","SUCCESS","system"
"675b4e18c7f92031a5699d3c","2024-12-12T20:56:54.231Z","DotaTrackerClient","putHeroes()","Saved all heroes","SUCCESS","system"
"675b4e19c7f92031a5699d3d","2024-12-12T20:56:56.424Z","DotaTrackerClient","putPatches()","Saved all patches","SUCCESS","system"
"675b4e28847b0d1b4856eda5","2024-12-12T20:57:10.234Z","DotaTrackerClient","putHeroes()","Saved all heroes","SUCCESS","system"
"675b4e29847b0d1b4856eda6","2024-12-12T20:57:12.872Z","DotaTrackerClient","putPatches()","Saved all patches","SUCCESS","system"
"675b4ec092bcb07f7c164a7e","2024-12-12T20:59:42.447Z","DotaTrackerClient","putHeroes()","Saved all heroes","SUCCESS","system"
"675b4ec192bcb07f7c164a7f","2024-12-12T20:59:44.613Z","DotaTrackerClient","putPatches()","Saved all patches","SUCCESS","system"
"675b4ecf74273474033853f6","2024-12-12T20:59:56.618Z","DotaTrackerClient","putHeroes()","Saved all heroes","SUCCESS","system"
"675b4ecf74273474033853f7","2024-12-12T20:59:59.114Z","DotaTrackerClient","putPatches()","Saved all patches","SUCCESS","system"
"675b521b9f8b254b4d925544","2024-12-12T21:14:01.348Z","DotaTrackerClient","putHeroes()","Saved all heroes","SUCCESS","system"
"675b521b9f8b254b4d925545","2024-12-12T21:14:03.322Z","DotaTrackerClient","putPatches()","Saved all patches","SUCCESS","system"
"675b52ef745910118948826f","2024-12-12T21:17:33.191Z","DotaTrackerClient","putHeroes()","Saved all heroes","SUCCESS","system"
"675b52ef7459101189488270","2024-12-12T21:17:33.191Z","DotaTrackerClient","putHeroes()","Default constructor can not accept read only @org.simpleframework.xml.Element(name=, type=void, data=false, required=false) on field 'timestamp' private final int org.bson.types.ObjectId.timestamp in class org.bson.types.ObjectId","FAIL","system"
"675b53824dfdc750d858ec99","2024-12-12T21:19:59.891Z","DotaTrackerClient","putHeroes()","Saved all heroes","SUCCESS","system"
"675b53f3991f5e00ec781293","2024-12-12T21:21:53.688Z","DotaTrackerClient","putHeroes()","Saved all heroes","SUCCESS","system"
"675b53f4991f5e00ec781294","2024-12-12T21:21:55.975Z","DotaTrackerClient","putPatches()","Saved all patches","SUCCESS","system"
"675b5401e33e497f93fdb8a2","2024-12-12T21:22:08.198Z","DotaTrackerClient","putHeroes()","Saved all heroes","SUCCESS","system"
"675b5402e33e497f93fdb8a3","2024-12-12T21:22:10.024Z","DotaTrackerClient","putPatches()","Saved all patches","SUCCESS","system"
"675c4146d8576f7bb0b785ca","2024-12-13T14:14:28.290Z","DotaTrackerClient","putHeroes()","Saved all heroes","SUCCESS","system"
"675c4146d8576f7bb0b785cb","2024-12-13T14:14:30.468Z","DotaTrackerClient","putPatches()","Saved all patches","SUCCESS","system"
"6761b325ac7f3600d5e4ee22","2024-12-17T17:21:39.346Z","DotaTrackerClient","putHeroes()","Saved all heroes","SUCCESS","system"
"6761b326ac7f3600d5e4ee23","2024-12-17T17:21:41.111Z","DotaTrackerClient","putPatches()","Saved all patches","SUCCESS","system"
"6761c1b635036a359dc9c362","2024-12-17T18:23:48.642Z","DotaTrackerClient","putHeroes()","Saved all heroes","SUCCESS","system"
"6761c1b635036a359dc9c363","2024-12-17T18:23:50.384Z","DotaTrackerClient","putPatches()","Saved all patches","SUCCESS","system"
"6761c848c945fc3f35d0968b","2024-12-17T18:51:50.504Z","DotaTrackerClient","putHeroes()","Saved all heroes","SUCCESS","system"
"6761c848c945fc3f35d0968c","2024-12-17T18:51:52.427Z","DotaTrackerClient","putPatches()","Saved all patches","SUCCESS","system"
"6761c9b703f4d03e4598a5e4","2024-12-17T18:57:56.278Z","DotaTrackerClient","putHeroes()","Saved all heroes","SUCCESS","system"
"6761c9b703f4d03e4598a5e5","2024-12-17T18:57:59.380Z","DotaTrackerClient","putPatches()","Saved all patches","SUCCESS","system"
"6761d9d5156f1e2ada6823a0","2024-12-17T20:06:44.030Z","SqlDatabaseClinet","putMatch()","JSONObject[""replay_url""] not found.","FAIL","system"
"6761da1728e99a0dca9c1503","2024-12-17T20:07:50.317Z","SqlDatabaseClinet","putMatch()","JSONObject[""start_time""] is not a string (class java.lang.Integer : 1734295486).","FAIL","system"
"6761da53280ac73af1786ac2","2024-12-17T20:08:49.620Z","SqlDatabaseClinet","putMatch()","Cannot invoke ""java.sql.Connection.prepareStatement(String)"" because ""ru.sfedu.project.db.SqlDatabaseClient.database"" is null","FAIL","system"
"6761da787e83fb0c7d46992e","2024-12-17T20:09:26.118Z","SqlDatabaseClinet","putMatch()","Failed to connect to database","FAIL","system"
"6761db62d68fa7373085900f","2024-12-17T20:13:20.917Z","SqlDatabaseClinet","putMatch()","Parameter index out of range (9 > number of parameters, which is 8).","FAIL","system"
"6761dbc0d43d6d7c328f147f","2024-12-17T20:14:54.309Z","SqlDatabaseClinet","putMatch()","Parameter index out of range (9 > number of parameters, which is 8).","FAIL","system"
"6761dbe3b07c2c4e7bdfb291","2024-12-17T20:15:28Z","SqlDatabaseClinet","putMatch()","Table 'dotatracker.matches' doesn't exist","FAIL","system"
"6761dc9ec7b16a6f1f06e3ed","2024-12-17T20:18:36.354Z","SqlDatabaseClinet","putMatch()","Table 'dotatracker.matches' doesn't exist","FAIL","system"
"6761dcfd4f3f4d1232077270","2024-12-17T20:20:11.767Z","SqlDatabaseClinet","putMatch()","Table 'dotatracker.matches' doesn't exist","FAIL","system"
"6761dd6014330e0d25392366","2024-12-17T20:21:50.079Z","SqlDatabaseClinet","putMatch()","Table 'dotatracker.matches' doesn't exist","FAIL","system"
"6761dd93358c4425b6affc37","2024-12-17T20:22:42.124Z","SqlDatabaseClient","putMatch()","Saved match by id","SUCCESS","system"
"6761e0dc4a9b936bd8eca089","2024-12-17T20:36:41.026Z","SqlDatabaseClient","putMatch()","Saved match by id","SUCCESS","system"
"6761e178536a0e46a1d8dbfc","2024-12-17T20:39:16.670Z","SqlDatabaseClient","putMatch()","Saved match by id","SUCCESS","system"
"6761e228896e8d31d1d33ddf","2024-12-17T20:42:13.195Z","SqlDatabaseClient","putMatch()","Saved match by id","SUCCESS","system"
"6761e2504665d821170e3a47","2024-12-17T20:42:53.638Z","SqlDatabaseClient","putMatch()","Saved match by id","SUCCESS","system"
"676209dd760eb8777ad39165","2024-12-17T23:31:37.933Z","SqlDatabaseClient","putMatch()","Saved match by id","SUCCESS","system"
"67620a5a34c8bf64a2a2ba3e","2024-12-17T23:33:42.549Z","SqlDatabaseClient","putMatch()","Saved match by id","SUCCESS","system"
"67620b3ae766a213af80faa6","2024-12-17T23:37:26.249Z","SqlDatabaseClient","putMatch()","https://api.opendota.com/api/matches/123","FAIL","system"
"67620b83ead5cb63cd8b600b","2024-12-17T23:38:40.142Z","SqlDatabaseClient","putMatch()","https://api.opendota.com/api/matches/123","FAIL","system"
"67620b9c2bd19367bb4f3ca0","2024-12-17T23:39:05.291Z","SqlDatabaseClient","putMatch()","https://api.opendota.com/api/matches/123","FAIL","system"
"67620c37851bad78d0042f12","2024-12-17T23:41:39.307Z","SqlDatabaseClient","putMatch()","https://api.opendota.com/api/matches/123","FAIL","system"
"67620caf9e954f0de538f7f6","2024-12-17T23:43:39.708Z","SqlDatabaseClient","putMatch()","Failed to fetch data: HTTP error code 404","FAIL","system"
"67620cd8b23f036c7ba7b079","2024-12-17T23:44:21.147Z","SqlDatabaseClient","putMatch()","Cannot invoke ""org.json.JSONObject.has(String)"" because ""matchData"" is null","FAIL","system"
"67620d6f9e1937127941bf38","2024-12-17T23:46:52.065Z","SqlDatabaseClient","putMatch()","123","FAIL","system"
"67620e5ea00db500c5ce2b94","2024-12-17T23:50:51.109Z","SqlDatabaseClient","putMatch()","Empty response: no match found","FAIL","system"
"67620e9556bb1e198e56f892","2024-12-17T23:51:44.619Z","SqlDatabaseClient","putMatch()","Saved match by id","SUCCESS","system"
"67620ea3759261205fab71e8","2024-12-17T23:51:58.385Z","SqlDatabaseClient","putMatch()","Saved match by id","SUCCESS","system"
"67620eb20794252f41f3874c","2024-12-17T23:52:14.190Z","SqlDatabaseClient","putMatch()","Saved match by id","SUCCESS","system"
"67620ec21e55476ac2fd14f5","2024-12-17T23:52:30.120Z","SqlDatabaseClient","putMatch()","Saved match by id","SUCCESS","system"
"67620ed086aa83780d4c658d","2024-12-17T23:52:43.450Z","SqlDatabaseClient","putMatch()","Saved match by id","SUCCESS","system"
"67620edf1c18014c15f448ce","2024-12-17T23:52:59.047Z","SqlDatabaseClient","putMatch()","Empty response: no match found","FAIL","system"
"676210d733effb7732930186","2024-12-18T00:01:23.740Z","SqlDatabaseClient","putMatch()","Saved match by id","SUCCESS","system"
"676210f7df044e3cb92e47e4","2024-12-18T00:01:55.319Z","SqlDatabaseClient","putMatch()","Saved match by id","SUCCESS","system"
"676210f8df044e3cb92e47e5","2024-12-18T00:01:59.531Z","SqlDatabaseClient","putMatch()","Empty response: no match found","FAIL","system"
"676210f8df044e3cb92e47e6","2024-12-18T00:01:59.457Z","SqlDatabaseClient","getMatch()","Failed to find match data","FAIL","system"
"67621165c8200942e3787054","2024-12-18T00:03:44.411Z","SqlDatabaseClient","putMatch()","Saved match by id","SUCCESS","system"
"67621166c8200942e3787055","2024-12-18T00:03:49.479Z","SqlDatabaseClient","putMatch()","Empty response: no match found","FAIL","system"
"67621166c8200942e3787056","2024-12-18T00:03:49.469Z","SqlDatabaseClient","getMatch()","Failed to find match data","FAIL","system"
"676213e6be209019764cda9b","2024-12-18T00:14:29.067Z","SqlDatabaseClient","putMatch()","Empty response: no match found","FAIL","system"
"676213e7be209019764cda9c","2024-12-18T00:14:31.066Z","SqlDatabaseClient","putMatch()","Empty response: no match found","FAIL","system"
"676213e7be209019764cda9d","2024-12-18T00:14:31.040Z","SqlDatabaseClient","getMatch()","Failed to find match data","FAIL","system"
"6762140bc0bd613e339bf7e9","2024-12-18T00:15:05.095Z","SqlDatabaseClient","putMatch()","Empty response: no match found","FAIL","system"
"6762140cc0bd613e339bf7ea","2024-12-18T00:15:07.409Z","SqlDatabaseClient","putMatch()","Empty response: no match found","FAIL","system"
"6762140cc0bd613e339bf7eb","2024-12-18T00:15:07.384Z","SqlDatabaseClient","getMatch()","Failed to find match data","FAIL","system"
"6762161ca35bcb366eb5ca3a","2024-12-18T00:23:55.185Z","SqlDatabaseClient","putMatch()","Empty response: no match found","FAIL","system"
"6762161da35bcb366eb5ca3b","2024-12-18T00:23:57.116Z","SqlDatabaseClient","putMatch()","Empty response: no match found","FAIL","system"
"6762161da35bcb366eb5ca3c","2024-12-18T00:23:57.084Z","SqlDatabaseClient","getMatch()","Failed to find match data","FAIL","system"
"6762163339168327a526d40e","2024-12-18T00:24:17.709Z","SqlDatabaseClient","putMatchPlayers()","JSONObject[""account_id""] not found.","FAIL","system"
"6762163339168327a526d40f","2024-12-18T00:24:15.933Z","SqlDatabaseClient","putMatch()","org.json.JSONException: JSONObject[""account_id""] not found.","FAIL","system"
"67621678366c034387965a90","2024-12-18T00:25:27.548Z","SqlDatabaseClient","putMatchPlayers()","JSONObject[""personaname""] not found.","FAIL","system"
"67621679366c034387965a91","2024-12-18T00:25:25.889Z","SqlDatabaseClient","putMatch()","org.json.JSONException: JSONObject[""personaname""] not found.","FAIL","system"
"6762168b7b63dc4ca84724e9","2024-12-18T00:25:46.194Z","SqlDatabaseClient","putMatchPlayers()","JSONObject[""account_id""] not found.","FAIL","system"
"6762168b7b63dc4ca84724ea","2024-12-18T00:25:44.486Z","SqlDatabaseClient","putMatch()","org.json.JSONException: JSONObject[""account_id""] not found.","FAIL","system"
"67621798c83d95450675959f","2024-12-18T00:30:14.690Z","SqlDatabaseClient","putMatchPlayers()","Table 'dotatracker.match_players' doesn't exist","FAIL","system"
"67621798c83d9545067595a0","2024-12-18T00:30:12.624Z","SqlDatabaseClient","putMatch()","java.sql.SQLSyntaxErrorException: Table 'dotatracker.match_players' doesn't exist","FAIL","system"
"676218230d9f3b54ece4b7e9","2024-12-18T00:32:33.964Z","SqlDatabaseClient","putMatchPlayers()","Saved players for match","SUCCESS","system"
"676218230d9f3b54ece4b7ea","2024-12-18T00:32:32.212Z","SqlDatabaseClient","putMatch()","Saved match by id","SUCCESS","system"
"676218230d9f3b54ece4b7eb","2024-12-18T00:32:35.306Z","SqlDatabaseClient","putMatch()","Empty response: no match found","FAIL","system"
"676218240d9f3b54ece4b7ec","2024-12-18T00:32:35.263Z","SqlDatabaseClient","getMatch()","Failed to find match data","FAIL","system"
"6762182e7dd2ea5899006198","2024-12-18T00:32:45.334Z","SqlDatabaseClient","putMatchPlayers()","Duplicate entry '184193593-8083657410' for key 'match_players.PRIMARY'","FAIL","system"
"6762182f7dd2ea5899006199","2024-12-18T00:32:43.723Z","SqlDatabaseClient","putMatch()","java.sql.SQLIntegrityConstraintViolationException: Duplicate entry '184193593-8083657410' for key 'match_players.PRIMARY'","FAIL","system"
"676218bd5174dc21e4a14b51","2024-12-18T00:35:08.089Z","SqlDatabaseClient","putMatchPlayers()","Saved players for match","SUCCESS","system"
"676218bd5174dc21e4a14b52","2024-12-18T00:35:06.335Z","SqlDatabaseClient","putMatch()","Saved match by id","SUCCESS","system"
"676218be5174dc21e4a14b53","2024-12-18T00:35:09.495Z","SqlDatabaseClient","putMatch()","Empty response: no match found","FAIL","system"
"676218be5174dc21e4a14b54","2024-12-18T00:35:09.455Z","SqlDatabaseClient","getMatch()","Failed to find match data","FAIL","system"
"676218c782ce086c0daa8394","2024-12-18T00:35:18.412Z","SqlDatabaseClient","putMatchPlayers()","Saved players for match","SUCCESS","system"
"676218c782ce086c0daa8395","2024-12-18T00:35:16.786Z","SqlDatabaseClient","putMatch()","Saved match by id","SUCCESS","system"
"676218c882ce086c0daa8396","2024-12-18T00:35:19.839Z","SqlDatabaseClient","putMatch()","Empty response: no match found","FAIL","system"
"676218c882ce086c0daa8397","2024-12-18T00:35:19.798Z","SqlDatabaseClient","getMatch()","Failed to find match data","FAIL","system"
"676218d26046de4a10de92c9","2024-12-18T00:35:29.206Z","SqlDatabaseClient","putMatchPlayers()","Saved players for match","SUCCESS","system"
"676218d26046de4a10de92ca","2024-12-18T00:35:27.451Z","SqlDatabaseClient","putMatch()","Saved match by id","SUCCESS","system"
"676218dcd93b127114e73d4c","2024-12-18T00:35:38.873Z","SqlDatabaseClient","putMatchPlayers()","Saved players for match","SUCCESS","system"
"676218dcd93b127114e73d4d","2024-12-18T00:35:37.106Z","SqlDatabaseClient","putMatch()","Saved match by id","SUCCESS","system"
"676219518d5d863c220b330e","2024-12-18T00:37:36.469Z","SqlDatabaseClient","putMatchPlayers()","No value specified for parameter 8","FAIL","system"
"676219518d5d863c220b330f","2024-12-18T00:37:34.501Z","SqlDatabaseClient","putMatch()","java.sql.SQLException: No value specified for parameter 8","FAIL","system"
"6762197d7c01184b063d21c7","2024-12-18T00:38:20.528Z","SqlDatabaseClient","putMatchPlayers()","JSONObject[""personaname""] is not a string (class org.json.JSONObject$Null : null).","FAIL","system"
"6762197d7c01184b063d21c8","2024-12-18T00:38:18.530Z","SqlDatabaseClient","putMatch()","org.json.JSONException: JSONObject[""personaname""] is not a string (class org.json.JSONObject$Null : null).","FAIL","system"
"676219f793bd672e58d2c20f","2024-12-18T00:40:22.533Z","SqlDatabaseClient","putMatchPlayers()","JSONObject[""personaname""] is not a string (class org.json.JSONObject$Null : null).","FAIL","system"
"676219f793bd672e58d2c210","2024-12-18T00:40:20.421Z","SqlDatabaseClient","putMatch()","org.json.JSONException: JSONObject[""personaname""] is not a string (class org.json.JSONObject$Null : null).","FAIL","system"
"67621a286527f33019199d2f","2024-12-18T00:41:11.484Z","SqlDatabaseClient","putMatchPlayers()","JSONObject[""personaname""] is not a string (class org.json.JSONObject$Null : null).","FAIL","system"
"67621a286527f33019199d30","2024-12-18T00:41:09.560Z","SqlDatabaseClient","putMatch()","org.json.JSONException: JSONObject[""personaname""] is not a string (class org.json.JSONObject$Null : null).","FAIL","system"
"67621a8199e1ef3a82aeea15","2024-12-18T00:42:40.649Z","SqlDatabaseClient","putMatchPlayers()","Saved players for match","SUCCESS","system"
"67621a8299e1ef3a82aeea16","2024-12-18T00:42:38.567Z","SqlDatabaseClient","putMatch()","Saved match by id","SUCCESS","system"
"67621aadfca1c03b6da4fb62","2024-12-18T00:43:24.139Z","SqlDatabaseClient","putMatchPlayers()","Saved players for match","SUCCESS","system"
"67621aadfca1c03b6da4fb63","2024-12-18T00:43:22.647Z","SqlDatabaseClient","putMatch()","Saved match by id","SUCCESS","system"
"6762ce7e9255b737a595cae9","2024-12-18T13:30:36.703Z","SqlDatabaseClient","putMatchPlayers()","Duplicate entry '378883542-8084063499' for key 'match_players.PRIMARY'","FAIL","system"
"6762ce7e9255b737a595caea","2024-12-18T13:30:33.214Z","SqlDatabaseClient","putMatch()","java.sql.SQLIntegrityConstraintViolationException: Duplicate entry '378883542-8084063499' for key 'match_players.PRIMARY'","FAIL","system"
"6762cf150862da0560a8b8ad","2024-12-18T13:33:08.631Z","SqlDatabaseClient","putMatchPlayers()","Saved players for match","SUCCESS","system"
"6762cf150862da0560a8b8ae","2024-12-18T13:33:07.260Z","SqlDatabaseClient","putMatch()","Saved match by id","SUCCESS","system"
"6762cf249ab94c667c43eaf6","2024-12-18T13:33:23.243Z","SqlDatabaseClient","putMatchPlayers()","Saved players for match","SUCCESS","system"
"6762cf249ab94c667c43eaf7","2024-12-18T13:33:21.391Z","SqlDatabaseClient","putMatch()","Saved match by id","SUCCESS","system"
"6762cf249ab94c667c43eaf8","2024-12-18T13:33:24.445Z","SqlDatabaseClient","putMatch()","Empty response: no match found","FAIL","system"
"6762cf249ab94c667c43eaf9","2024-12-18T13:33:24.408Z","SqlDatabaseClient","getMatch()","Failed to find match data","FAIL","system"
"6762cf97eb871572bf18b963","2024-12-18T13:35:18.644Z","SqlDatabaseClient","putMatchPlayers()","Saved players for match","SUCCESS","system"
"6762cf97eb871572bf18b964","2024-12-18T13:35:16.578Z","SqlDatabaseClient","putMatch()","Saved match by id","SUCCESS","system"
"6762cf98eb871572bf18b965","2024-12-18T13:35:19.748Z","SqlDatabaseClient","putMatch()","Empty response: no match found","FAIL","system"
"6762cf98eb871572bf18b966","2024-12-18T13:35:19.720Z","SqlDatabaseClient","getMatch()","Failed to find match data","FAIL","system"
"6762cfcbd156c00ef4a375e5","2024-12-18T13:36:10.772Z","SqlDatabaseClient","putMatchPlayers()","Saved players for match","SUCCESS","system"
"6762cfcbd156c00ef4a375e6","2024-12-18T13:36:08.774Z","SqlDatabaseClient","putMatch()","Saved match by id","SUCCESS","system"
"6762cfccd156c00ef4a375e7","2024-12-18T13:36:11.876Z","SqlDatabaseClient","putMatch()","Empty response: no match found","FAIL","system"
"6762cfccd156c00ef4a375e8","2024-12-18T13:36:11.835Z","SqlDatabaseClient","getMatch()","Failed to find match data","FAIL","system"
"6762cfffa8a6e9664419320b","2024-12-18T13:37:02.308Z","SqlDatabaseClient","putMatchPlayers()","Saved players for match","SUCCESS","system"
"6762cfffa8a6e9664419320c","2024-12-18T13:37:01.073Z","SqlDatabaseClient","putMatch()","Saved match by id","SUCCESS","system"
"6762cfffa8a6e9664419320d","2024-12-18T13:37:03.442Z","SqlDatabaseClient","putMatch()","Empty response: no match found","FAIL","system"
"6762d000a8a6e9664419320e","2024-12-18T13:37:03.393Z","SqlDatabaseClient","getMatch()","Failed to find match data","FAIL","system"
"6762d03d0cd8cf0c0bc8e6b0","2024-12-18T13:38:04.598Z","SqlDatabaseClient","putMatchPlayers()","Saved players for match","SUCCESS","system"
"6762d03d0cd8cf0c0bc8e6b1","2024-12-18T13:38:03.218Z","SqlDatabaseClient","putMatch()","Saved match by id","SUCCESS","system"
"6762d03e0cd8cf0c0bc8e6b2","2024-12-18T13:38:05.815Z","SqlDatabaseClient","putMatch()","Empty response: no match found","FAIL","system"
"6762d03e0cd8cf0c0bc8e6b3","2024-12-18T13:38:05.776Z","SqlDatabaseClient","getMatch()","Failed to find match data","FAIL","system"
"6762d094cbc62e2b3c39cc2d","2024-12-18T13:39:31.672Z","SqlDatabaseClient","putMatchPlayers()","Saved players for match","SUCCESS","system"
"6762d094cbc62e2b3c39cc2e","2024-12-18T13:39:30.287Z","SqlDatabaseClient","putMatch()","Saved match by id","SUCCESS","system"
"6762d095cbc62e2b3c39cc2f","2024-12-18T13:39:32.858Z","SqlDatabaseClient","putMatch()","Empty response: no match found","FAIL","system"
"6762d095cbc62e2b3c39cc30","2024-12-18T13:39:32.825Z","SqlDatabaseClient","getMatch()","Failed to find match data","FAIL","system"
"6762d0b153b51776015b5c5c","2024-12-18T13:40:00.486Z","SqlDatabaseClient","putMatchPlayers()","Saved players for match","SUCCESS","system"
"6762d0b153b51776015b5c5d","2024-12-18T13:39:59.288Z","SqlDatabaseClient","putMatch()","Saved match by id","SUCCESS","system"
"6762d0b253b51776015b5c5e","2024-12-18T13:40:01.734Z","SqlDatabaseClient","putMatch()","https://api.opendota.com/api/matches/123","FAIL","system"
"6762d0b253b51776015b5c5f","2024-12-18T13:40:01.697Z","SqlDatabaseClient","getMatch()","java.io.FileNotFoundException: https://api.opendota.com/api/matches/123","FAIL","system"
"6762d0cb16bc5878c7072fde","2024-12-18T13:40:26.822Z","SqlDatabaseClient","putMatchPlayers()","Saved players for match","SUCCESS","system"
"6762d0cb16bc5878c7072fdf","2024-12-18T13:40:25.467Z","SqlDatabaseClient","putMatch()","Saved match by id","SUCCESS","system"
"6762d0cc16bc5878c7072fe0","2024-12-18T13:40:27.933Z","SqlDatabaseClient","putMatch()","Empty response: no match found","FAIL","system"
"6762d0cc16bc5878c7072fe1","2024-12-18T13:40:27.894Z","SqlDatabaseClient","getMatch()","Failed to find match data","FAIL","system"
"6762d2250c623b67db3ec309","2024-12-18T13:46:12.696Z","SqlDatabaseClient","putMatchPlayers()","Saved players for match","SUCCESS","system"
"6762d2250c623b67db3ec30a","2024-12-18T13:46:11.168Z","SqlDatabaseClient","putMatch()","Saved match by id","SUCCESS","system"
"6762d2260c623b67db3ec30b","2024-12-18T13:46:14.058Z","SqlDatabaseClient","putMatch()","Empty response: no match found","FAIL","system"
"6762d2260c623b67db3ec30c","2024-12-18T13:46:14.018Z","SqlDatabaseClient","getMatch()","Failed to find match data","FAIL","system"
"6762d4efa75d700722e31cba","2024-12-18T13:58:06.785Z","SqlDatabaseClient","putMatchPlayers()","Saved players for match","SUCCESS","system"
"6762d4efa75d700722e31cbb","2024-12-18T13:58:04.755Z","SqlDatabaseClient","putMatch()","Saved match by id","SUCCESS","system"
"6762d4f0a75d700722e31cbc","2024-12-18T13:58:07.952Z","SqlDatabaseClient","putMatch()","Empty response: no match found","FAIL","system"
"6762d4f0a75d700722e31cbd","2024-12-18T13:58:07.936Z","SqlDatabaseClient","getMatch()","Operation not allowed after ResultSet closed","FAIL","system"
"6762d5f3a2f67f11c4e83f5e","2024-12-18T14:02:26.611Z","SqlDatabaseClient","putMatchPlayers()","Saved players for match","SUCCESS","system"
"6762d5f3a2f67f11c4e83f5f","2024-12-18T14:02:25.199Z","SqlDatabaseClient","putMatch()","Saved match by id","SUCCESS","system"
"6762d5f4a2f67f11c4e83f60","2024-12-18T14:02:27.815Z","SqlDatabaseClient","putMatch()","Empty response: no match found","FAIL","system"
"6762d5f4a2f67f11c4e83f61","2024-12-18T14:02:27.796Z","SqlDatabaseClient","getMatch()","Operation not allowed after ResultSet closed","FAIL","system"
"6762d5fd9b67930dacf70081","2024-12-18T14:02:36.417Z","SqlDatabaseClient","putMatchPlayers()","Saved players for match","SUCCESS","system"
"6762d5fd9b67930dacf70082","2024-12-18T14:02:34.838Z","SqlDatabaseClient","putMatch()","Saved match by id","SUCCESS","system"
"6762d60918ca9e5c4d3014fe","2024-12-18T14:02:48.580Z","SqlDatabaseClient","putMatchPlayers()","Saved players for match","SUCCESS","system"
"6762d60918ca9e5c4d3014ff","2024-12-18T14:02:47.432Z","SqlDatabaseClient","putMatch()","Saved match by id","SUCCESS","system"
"6762d60a18ca9e5c4d301500","2024-12-18T14:02:49.647Z","SqlDatabaseClient","putMatch()","Empty response: no match found","FAIL","system"
"6762d60a18ca9e5c4d301501","2024-12-18T14:02:49.613Z","SqlDatabaseClient","getMatch()","Operation not allowed after ResultSet closed","FAIL","system"
"6762d686bdf89f5b25da8b98","2024-12-18T14:04:53.488Z","SqlDatabaseClient","putMatchPlayers()","Saved players for match","SUCCESS","system"
"6762d686bdf89f5b25da8b99","2024-12-18T14:04:51.895Z","SqlDatabaseClient","putMatch()","Saved match by id","SUCCESS","system"
"6762d687bdf89f5b25da8b9a","2024-12-18T14:04:54.688Z","SqlDatabaseClient","putMatch()","Empty response: no match found","FAIL","system"
"6762d687bdf89f5b25da8b9b","2024-12-18T14:04:54.675Z","SqlDatabaseClient","getMatch()","Failed to find match data","FAIL","system"
"6762d6c5ae43a8670c619c1d","2024-12-18T14:05:56.055Z","SqlDatabaseClient","putMatchPlayers()","Saved players for match","SUCCESS","system"
"6762d6c5ae43a8670c619c1e","2024-12-18T14:05:54.545Z","SqlDatabaseClient","putMatch()","Saved match by id","SUCCESS","system"
"6762d6c6ae43a8670c619c1f","2024-12-18T14:05:57.498Z","SqlDatabaseClient","putMatch()","Empty response: no match found","FAIL","system"
"6762d6c6ae43a8670c619c20","2024-12-18T14:05:57.476Z","SqlDatabaseClient","getMatch()","Failed to find match data","FAIL","system"
"6762d6d5dac45208c62f2bf3","2024-12-18T14:06:12.109Z","SqlDatabaseClient","putMatchPlayers()","Saved players for match","SUCCESS","system"
"6762d6d5dac45208c62f2bf4","2024-12-18T14:06:10.814Z","SqlDatabaseClient","putMatch()","Saved match by id","SUCCESS","system"
"6762d6d5dac45208c62f2bf5","2024-12-18T14:06:13.354Z","SqlDatabaseClient","putMatch()","Empty response: no match found","FAIL","system"
"6762d6d5dac45208c62f2bf6","2024-12-18T14:06:13.333Z","SqlDatabaseClient","getMatch()","Failed to find match data","FAIL","system"
"6762d6feb5a0210dfc97ab3e","2024-12-18T14:06:53.844Z","SqlDatabaseClient","putMatchPlayers()","Saved players for match","SUCCESS","system"
"6762d6feb5a0210dfc97ab3f","2024-12-18T14:06:52.564Z","SqlDatabaseClient","putMatch()","Saved match by id","SUCCESS","system"
"6762d6ffb5a0210dfc97ab40","2024-12-18T14:06:54.998Z","SqlDatabaseClient","putMatch()","Empty response: no match found","FAIL","system"
"6762d6ffb5a0210dfc97ab41","2024-12-18T14:06:54.968Z","SqlDatabaseClient","getMatch()","Failed to find match data","FAIL","system"
"6762d72674f2e02d7e81a92b","2024-12-18T14:07:33.629Z","SqlDatabaseClient","putMatchPlayers()","Saved players for match","SUCCESS","system"
"6762d72674f2e02d7e81a92c","2024-12-18T14:07:31.369Z","SqlDatabaseClient","putMatch()","Saved match by id","SUCCESS","system"
"6762db6752da6a7f48020ff0","2024-12-18T14:25:42.339Z","SqlDatabaseClient","putMatchPlayers()","Saved players for match","SUCCESS","system"
"6762db6752da6a7f48020ff1","2024-12-18T14:25:40.763Z","SqlDatabaseClient","putMatch()","Saved match by id","SUCCESS","system"
"6762dba3e8acca27ed644022","2024-12-18T14:26:38.184Z","SqlDatabaseClient","putMatchPlayers()","Saved players for match","SUCCESS","system"
"6762dba3e8acca27ed644023","2024-12-18T14:26:36.842Z","SqlDatabaseClient","putMatch()","Saved match by id","SUCCESS","system"
"6762dc80e6bcf6747fa31df3","2024-12-18T14:30:23.694Z","SqlDatabaseClient","putMatchPlayers()","Saved players for match","SUCCESS","system"
"6762dc80e6bcf6747fa31df4","2024-12-18T14:30:22.343Z","SqlDatabaseClient","putMatch()","Saved match by id","SUCCESS","system"
"6762dc982713596c286527bb","2024-12-18T14:30:47.242Z","SqlDatabaseClient","putMatchPlayers()","Saved players for match","SUCCESS","system"
"6762dc982713596c286527bc","2024-12-18T14:30:43.489Z","SqlDatabaseClient","putMatch()","Saved match by id","SUCCESS","system"
"6763253060bc4f3f711e4645","2024-12-18T19:40:31.660Z","SqlDatabaseClient","putMatchPlayers()","Saved players for match","SUCCESS","system"
"6763253060bc4f3f711e4646","2024-12-18T19:40:29.987Z","SqlDatabaseClient","putMatch()","Saved match by id","SUCCESS","system"
"6763253060bc4f3f711e4647","2024-12-18T19:40:32.881Z","SqlDatabaseClient","deleteMatch()","Delete match by ID","SUCCESS","system"
"6763256a9564cf2e6ced0147","2024-12-18T19:41:29.744Z","SqlDatabaseClient","putMatchPlayers()","Saved players for match","SUCCESS","system"
"6763256a9564cf2e6ced0148","2024-12-18T19:41:28.391Z","SqlDatabaseClient","putMatch()","Saved match by id","SUCCESS","system"
"6763256a9564cf2e6ced0149","2024-12-18T19:41:30.909Z","SqlDatabaseClient","deleteMatch()","Delete match by ID","SUCCESS","system"
"6763257502633f39484084d8","2024-12-18T19:41:40.339Z","SqlDatabaseClient","putMatchPlayers()","Saved players for match","SUCCESS","system"
"6763257502633f39484084d9","2024-12-18T19:41:38.885Z","SqlDatabaseClient","putMatch()","Saved match by id","SUCCESS","system"
"6763257502633f39484084da","2024-12-18T19:41:41.631Z","SqlDatabaseClient","deleteMatch()","Delete match by ID","SUCCESS","system"
"67632596b09f323d903cc82b","2024-12-18T19:42:13.733Z","SqlDatabaseClient","deleteMatch()","Delete match by ID","SUCCESS","system"
"676326a4e445201af2bcbf2a","2024-12-18T19:46:42.132Z","SqlDatabaseClient","putMatchPlayers()","Saved players for match","SUCCESS","system"
"676326a4e445201af2bcbf2b","2024-12-18T19:46:40.530Z","SqlDatabaseClient","putMatch()","Saved match by id","SUCCESS","system"
"676326a4e445201af2bcbf2c","2024-12-18T19:46:44.340Z","SqlDatabaseClient","getMatchPlayers()","Receive players from match","SUCCESS","system"
"676326be7fc117238dd54a74","2024-12-18T19:47:09.753Z","SqlDatabaseClient","getMatchPlayers()","Receive players from match","SUCCESS","system"
"67632a426d309560cd873359","2024-12-18T20:02:08.598Z","SqlDatabaseClient","putMatch()","ffff","FAIL","system"
"67632a544cd0a108a9b74e58","2024-12-18T20:02:26.710Z","SqlDatabaseClient","putMatch()","null","FAIL","system"
"67632da5e001735c9b05fa0e","2024-12-18T20:16:35.837Z","SqlDatabaseClient","putMatchHeroes()","Saved heroes data for match","SUCCESS","system"
"676334fac4ebe25c0cb6e7be","2024-12-18T20:47:51.015Z","SqlDatabaseClient","putMatchHeroes()","Parameter index out of range (4 > number of parameters, which is 3).","FAIL","system"
"67633542fe761d076ba6e1fa","2024-12-18T20:48:58.403Z","SqlDatabaseClient","putMatchHeroes()","Saved heroes data for match","SUCCESS","system"
"676335e769fb1813dd0b8be2","2024-12-18T20:51:48.837Z","SqlDatabaseClient","putMatchHeroes()","Saved heroes data for match","SUCCESS","system"
"6763362755731d730d530aa7","2024-12-18T20:52:53.303Z","SqlDatabaseClient","putMatchHeroes()","Saved heroes data for match","SUCCESS","system"
"6763373c97f49530b056e132","2024-12-18T20:57:31.420Z","SqlDatabaseClient","getMatchHeroes()","Receive heroes data for match","SUCCESS","system"
"676337555a398e3c8a34951d","2024-12-18T20:57:57.175Z","SqlDatabaseClient","getMatchHeroes()","Receive heroes data for match","SUCCESS","system"
"6763387ad87801221c07d4b8","2024-12-18T21:02:47.557Z","SqlDatabaseClient","putMatchHeroes()","Saved heroes data for match","SUCCESS","system"
"6763387ad87801221c07d4b9","2024-12-18T21:02:47.527Z","SqlDatabaseClient","getMatchHeroes()","No operations allowed after statement closed.","FAIL","system"
"676338b46529364716c2a5b6","2024-12-18T21:03:47.973Z","SqlDatabaseClient","getMatchHeroes()","Receive heroes data for match","SUCCESS","system"
"676339169296f766c96df1d0","2024-12-18T21:05:23.960Z","SqlDatabaseClient","putMatchHeroes()","Saved heroes data for match","SUCCESS","system"
"676339169296f766c96df1d1","2024-12-18T21:05:23.926Z","SqlDatabaseClient","getMatchHeroes()","No operations allowed after statement closed.","FAIL","system"
"67633a15f9d6410469c0c525","2024-12-18T21:09:39.551Z","SqlDatabaseClient","putMatchHeroes()","Saved heroes data for match","SUCCESS","system"
"67633a15f9d6410469c0c526","2024-12-18T21:09:39.524Z","SqlDatabaseClient","getMatchHeroes()","No operations allowed after statement closed.","FAIL","system"
"67633b3c79e5cc4357e32a3a","2024-12-18T21:14:12.399Z","SqlDatabaseClient","getMatchHeroes()","Receive heroes data for match","SUCCESS","system"
"67633b6c193cbe5d8768e913","2024-12-18T21:15:23.500Z","SqlDatabaseClient","getMatchHeroes()","Receive heroes data for match","SUCCESS","system"
"67633baa306084623eb366a5","2024-12-18T21:16:26.108Z","SqlDatabaseClient","getMatchHeroes()","Receive heroes data for match","SUCCESS","system"
"67633c283d5bc933645e547a","2024-12-18T21:18:27.618Z","SqlDatabaseClient","putMatchHeroes()","Saved heroes data for match","SUCCESS","system"
"67633c283d5bc933645e547b","2024-12-18T21:18:27.585Z","SqlDatabaseClient","getMatchHeroes()","No operations allowed after statement closed.","FAIL","system"
"67633c494186b0195966c77b","2024-12-18T21:19:02.549Z","SqlDatabaseClient","putMatchHeroes()","Cannot add or update a child row: a foreign key constraint fails (`dotatracker`.`match_heroes`, CONSTRAINT `match_heroes_ibfk_1` FOREIGN KEY (`match_id`) REFERENCES `matches` (`id`) ON DELETE CASCADE)","FAIL","system"
"67633c494186b0195966c77c","2024-12-18T21:19:02.522Z","SqlDatabaseClient","getMatchHeroes()","No operations allowed after statement closed.","FAIL","system"
"67633d23fc58090e6eff2024","2024-12-18T21:22:41.515Z","SqlDatabaseClient","putMatchHeroes()","Cannot add or update a child row: a foreign key constraint fails (`dotatracker`.`match_heroes`, CONSTRAINT `match_heroes_ibfk_1` FOREIGN KEY (`match_id`) REFERENCES `matches` (`id`) ON DELETE CASCADE)","FAIL","system"
"67633d24fc58090e6eff2025","2024-12-18T21:22:41.478Z","SqlDatabaseClient","getMatchHeroes()","No operations allowed after statement closed.","FAIL","system"
"67633d2ffc60277d3140dbba","2024-12-18T21:22:54.610Z","SqlDatabaseClient","putMatchPlayers()","Saved players for match","SUCCESS","system"
"67633d30fc60277d3140dbbb","2024-12-18T21:22:56.212Z","SqlDatabaseClient","putMatchPlayers()","Saved players for match","SUCCESS","system"
"67633d31fc60277d3140dbbc","2024-12-18T21:22:57.412Z","SqlDatabaseClient","putMatchPlayers()","Saved players for match","SUCCESS","system"
"67633d33fc60277d3140dbbd","2024-12-18T21:22:58.491Z","SqlDatabaseClient","putMatchPlayers()","Saved players for match","SUCCESS","system"
"67633d34fc60277d3140dbbe","2024-12-18T21:22:59.605Z","SqlDatabaseClient","putMatchPlayers()","Saved players for match","SUCCESS","system"
"67633d36fc60277d3140dbbf","2024-12-18T21:23:01.530Z","SqlDatabaseClient","putMatchPlayers()","Saved players for match","SUCCESS","system"
"67633d37fc60277d3140dbc0","2024-12-18T21:23:02.554Z","SqlDatabaseClient","putMatchPlayers()","Saved players for match","SUCCESS","system"
"67633d39fc60277d3140dbc1","2024-12-18T21:23:05.126Z","SqlDatabaseClient","putMatchPlayers()","Saved players for match","SUCCESS","system"
"67633d3afc60277d3140dbc2","2024-12-18T21:23:06.346Z","SqlDatabaseClient","putMatchPlayers()","Saved players for match","SUCCESS","system"
"67633d3bfc60277d3140dbc3","2024-12-18T21:23:07.457Z","SqlDatabaseClient","putMatchPlayers()","Saved players for match","SUCCESS","system"
"67633d3dfc60277d3140dbc4","2024-12-18T21:23:08.557Z","SqlDatabaseClient","putMatchPlayers()","Saved players for match","SUCCESS","system"
"67633d3efc60277d3140dbc5","2024-12-18T21:23:09.714Z","SqlDatabaseClient","putMatchPlayers()","Saved players for match","SUCCESS","system"
"67633d3ffc60277d3140dbc6","2024-12-18T21:23:10.888Z","SqlDatabaseClient","putMatchPlayers()","Saved players for match","SUCCESS","system"
"67633d40fc60277d3140dbc7","2024-12-18T21:23:12.021Z","SqlDatabaseClient","putMatchPlayers()","Saved players for match","SUCCESS","system"
"67633d42fc60277d3140dbc8","2024-12-18T21:23:13.428Z","SqlDatabaseClient","putMatchPlayers()","Saved players for match","SUCCESS","system"
"67633d7efd4f940fafb52897","2024-12-18T21:24:13.646Z","SqlDatabaseClient","putMatchPlayers()","Saved players for match","SUCCESS","system"
"67633d7ffd4f940fafb52898","2024-12-18T21:24:14.716Z","SqlDatabaseClient","putMatchHeroes()","Saved heroes data for match","SUCCESS","system"
"67633d7ffd4f940fafb52899","2024-12-18T21:24:12.149Z","SqlDatabaseClient","putMatch()","Saved match by id","SUCCESS","system"
"67633d7ffd4f940fafb5289a","2024-12-18T21:24:15.881Z","SqlDatabaseClient","getMatchHeroes()","No operations allowed after connection closed.","FAIL","system"
"67633ea62f06f44c20c76137","2024-12-18T21:29:09.380Z","SqlDatabaseClient","putMatchPlayers()","Saved players for match","SUCCESS","system"
"67633ea72f06f44c20c76138","2024-12-18T21:29:10.566Z","SqlDatabaseClient","putMatchHeroes()","Saved heroes data for match","SUCCESS","system"
"67633ea82f06f44c20c76139","2024-12-18T21:29:07.882Z","SqlDatabaseClient","putMatch()","Saved match by id","SUCCESS","system"
"67633ea82f06f44c20c7613a","2024-12-18T21:29:12.167Z","SqlDatabaseClient","getMatchHeroes()","No operations allowed after connection closed.","FAIL","system"
"67633eb6f3f5054189f197bc","2024-12-18T21:29:25.256Z","SqlDatabaseClient","putMatchPlayers()","Saved players for match","SUCCESS","system"
"67633eb8f3f5054189f197bd","2024-12-18T21:29:26.719Z","SqlDatabaseClient","putMatchHeroes()","Saved heroes data for match","SUCCESS","system"
"67633eb8f3f5054189f197be","2024-12-18T21:29:23.687Z","SqlDatabaseClient","putMatch()","Saved match by id","SUCCESS","system"
"67633eb8f3f5054189f197bf","2024-12-18T21:29:28.199Z","SqlDatabaseClient","getMatchHeroes()","No operations allowed after connection closed.","FAIL","system"
"67633ef2d6fbff6ff2092014","2024-12-18T21:30:26.072Z","SqlDatabaseClient","getMatchHeroes()","Receive heroes data for match","SUCCESS","system"
"67633f076855cb59018cac31","2024-12-18T21:30:46.056Z","SqlDatabaseClient","putMatchPlayers()","Saved players for match","SUCCESS","system"
"67633f096855cb59018cac32","2024-12-18T21:30:47.210Z","SqlDatabaseClient","putMatchHeroes()","Saved heroes data for match","SUCCESS","system"
"67633f096855cb59018cac33","2024-12-18T21:30:43.303Z","SqlDatabaseClient","putMatch()","Saved match by id","SUCCESS","system"
"67633f096855cb59018cac34","2024-12-18T21:30:49.372Z","SqlDatabaseClient","getMatchHeroes()","No operations allowed after connection closed.","FAIL","system"
"67633f2127ae1d167e794264","2024-12-18T21:31:12.170Z","SqlDatabaseClient","putMatchPlayers()","Saved players for match","SUCCESS","system"
"67633f2327ae1d167e794265","2024-12-18T21:31:13.815Z","SqlDatabaseClient","putMatchHeroes()","Saved heroes data for match","SUCCESS","system"
"67633f2327ae1d167e794266","2024-12-18T21:31:10.498Z","SqlDatabaseClient","putMatch()","Saved match by id","SUCCESS","system"
"67633f2327ae1d167e794267","2024-12-18T21:31:15.139Z","SqlDatabaseClient","getMatchHeroes()","No operations allowed after connection closed.","FAIL","system"
"67633f7c09bd264fa2c6e152","2024-12-18T21:32:43.802Z","SqlDatabaseClient","putMatchPlayers()","Saved players for match","SUCCESS","system"
"67633f7f09bd264fa2c6e153","2024-12-18T21:32:45.018Z","SqlDatabaseClient","putMatchHeroes()","Saved heroes data for match","SUCCESS","system"
"67633f7f09bd264fa2c6e154","2024-12-18T21:32:42.566Z","SqlDatabaseClient","putMatch()","Saved match by id","SUCCESS","system"
"67633f7f09bd264fa2c6e155","2024-12-18T21:32:47.320Z","SqlDatabaseClient","getMatchHeroes()","No operations allowed after connection closed.","FAIL","system"
"676340426533670306963967","2024-12-18T21:36:01.685Z","SqlDatabaseClient","putMatchPlayers()","Saved players for match","SUCCESS","system"
"676340456533670306963968","2024-12-18T21:36:02.899Z","SqlDatabaseClient","putMatchHeroes()","Saved heroes data for match","SUCCESS","system"
"676340456533670306963969","2024-12-18T21:36:00.069Z","SqlDatabaseClient","putMatch()","Saved match by id","SUCCESS","system"
"67634045653367030696396a","2024-12-18T21:36:05.120Z","SqlDatabaseClient","getMatchHeroes()","No operations allowed after connection closed.","FAIL","system"
"6763406ac4ecd337e6634c7f","2024-12-18T21:36:42.155Z","SqlDatabaseClient","getMatchHeroes()","Receive heroes data for match","SUCCESS","system"
"676340c73741a030119c1e5c","2024-12-18T21:38:14.219Z","SqlDatabaseClient","putMatchPlayers()","Saved players for match","SUCCESS","system"
"676340c93741a030119c1e5d","2024-12-18T21:38:15.307Z","SqlDatabaseClient","putMatchHeroes()","Saved heroes data for match","SUCCESS","system"
"676340c93741a030119c1e5e","2024-12-18T21:38:12.600Z","SqlDatabaseClient","putMatch()","Saved match by id","SUCCESS","system"
"676340c93741a030119c1e5f","2024-12-18T21:38:17.501Z","SqlDatabaseClient","getMatchHeroes()","No operations allowed after connection closed.","FAIL","system"
"676341679392454df34766ec","2024-12-18T21:40:53.351Z","SqlDatabaseClient","putMatchPlayers()","Saved players for match","SUCCESS","system"
"676341ae9392454df34766ed","2024-12-18T21:41:00.033Z","SqlDatabaseClient","putMatchHeroes()","Saved heroes data for match","SUCCESS","system"
"676341ba9392454df34766ee","2024-12-18T21:40:19.346Z","SqlDatabaseClient","putMatch()","Saved match by id","SUCCESS","system"
"676341e84daca2339849ee11","2024-12-18T21:43:02.907Z","SqlDatabaseClient","putMatchPlayers()","Saved players for match","SUCCESS","system"
"676341e94daca2339849ee12","2024-12-18T21:43:04.199Z","SqlDatabaseClient","putMatchHeroes()","Saved heroes data for match","SUCCESS","system"
"676341e94daca2339849ee13","2024-12-18T21:43:01.509Z","SqlDatabaseClient","putMatch()","Saved match by id","SUCCESS","system"
"676341e94daca2339849ee14","2024-12-18T21:43:05.283Z","SqlDatabaseClient","getMatchHeroes()","Receive heroes data for match","SUCCESS","system"
"676341feacc45f3662871656","2024-12-18T21:43:26.038Z","SqlDatabaseClient","putMatchPlayers()","Saved players for match","SUCCESS","system"
"676341ffacc45f3662871657","2024-12-18T21:43:27.056Z","SqlDatabaseClient","putMatchHeroes()","Saved heroes data for match","SUCCESS","system"
"67634200acc45f3662871658","2024-12-18T21:43:24.799Z","SqlDatabaseClient","putMatch()","Saved match by id","SUCCESS","system"
"67634200acc45f3662871659","2024-12-18T21:43:28.028Z","SqlDatabaseClient","getMatchHeroes()","Receive heroes data for match","SUCCESS","system"
"67634212ba95d8053aeb4d47","2024-12-18T21:43:45.343Z","SqlDatabaseClient","putMatchPlayers()","Saved players for match","SUCCESS","system"
"67634213ba95d8053aeb4d48","2024-12-18T21:43:46.557Z","SqlDatabaseClient","putMatchHeroes()","Saved heroes data for match","SUCCESS","system"
"67634213ba95d8053aeb4d49","2024-12-18T21:43:44.249Z","SqlDatabaseClient","putMatch()","Saved match by id","SUCCESS","system"
"67634213ba95d8053aeb4d4a","2024-12-18T21:43:47.402Z","SqlDatabaseClient","getMatchHeroes()","Receive heroes data for match","SUCCESS","system"
"67634307c38cdc471496305a","2024-12-18T21:47:50.585Z","SqlDatabaseClient","getMatchPlayers()","Receive players from match","SUCCESS","system"
"67634307c38cdc471496305b","2024-12-18T21:47:50.585Z","SqlDatabaseClient","getMatchPlayers()","Receive players from match","SUCCESS","system"
"67634307c38cdc471496305c","2024-12-18T21:47:50.585Z","SqlDatabaseClient","getMatchPlayers()","Receive players from match","SUCCESS","system"
"67634307c38cdc471496305d","2024-12-18T21:47:50.585Z","SqlDatabaseClient","getMatchPlayers()","Receive players from match","SUCCESS","system"
"67634307c38cdc471496305e","2024-12-18T21:47:50.585Z","SqlDatabaseClient","getMatchPlayers()","Receive players from match","SUCCESS","system"
"67634307c38cdc471496305f","2024-12-18T21:47:51.549Z","SqlDatabaseClient","getMatchHeroes()","Receive heroes data for match","SUCCESS","system"
"67634333d1e6266b06bfb268","2024-12-18T21:48:34.333Z","SqlDatabaseClient","getMatchPlayers()","Receive players from match","SUCCESS","system"
"67634333d1e6266b06bfb269","2024-12-18T21:48:34.333Z","SqlDatabaseClient","getMatchPlayers()","Receive players from match","SUCCESS","system"
"67634333d1e6266b06bfb26a","2024-12-18T21:48:34.333Z","SqlDatabaseClient","getMatchPlayers()","Receive players from match","SUCCESS","system"
"67634333d1e6266b06bfb26b","2024-12-18T21:48:34.333Z","SqlDatabaseClient","getMatchPlayers()","Receive players from match","SUCCESS","system"
"67634333d1e6266b06bfb26c","2024-12-18T21:48:34.333Z","SqlDatabaseClient","getMatchPlayers()","Receive players from match","SUCCESS","system"
"67634333d1e6266b06bfb26d","2024-12-18T21:48:35.231Z","SqlDatabaseClient","getMatchHeroes()","Receive heroes data for match","SUCCESS","system"
"6763437f7e930b394bd5a7c7","2024-12-18T21:49:50.873Z","SqlDatabaseClient","getMatchPlayers()","Receive players from match","SUCCESS","system"
"6763437f7e930b394bd5a7c8","2024-12-18T21:49:50.873Z","SqlDatabaseClient","getMatchPlayers()","Receive players from match","SUCCESS","system"
"6763437f7e930b394bd5a7c9","2024-12-18T21:49:50.873Z","SqlDatabaseClient","getMatchPlayers()","Receive players from match","SUCCESS","system"
"6763437f7e930b394bd5a7ca","2024-12-18T21:49:50.873Z","SqlDatabaseClient","getMatchPlayers()","Receive players from match","SUCCESS","system"
"6763437f7e930b394bd5a7cb","2024-12-18T21:49:50.873Z","SqlDatabaseClient","getMatchPlayers()","Receive players from match","SUCCESS","system"
"6763437f7e930b394bd5a7cc","2024-12-18T21:49:51.840Z","SqlDatabaseClient","getMatchHeroes()","Receive heroes data for match","SUCCESS","system"
"67634399d9938d268d2acb0e","2024-12-18T21:50:16.385Z","SqlDatabaseClient","getMatchPlayers()","Receive players from match","SUCCESS","system"
"67634399d9938d268d2acb0f","2024-12-18T21:50:16.385Z","SqlDatabaseClient","getMatchPlayers()","Receive players from match","SUCCESS","system"
"67634399d9938d268d2acb10","2024-12-18T21:50:16.385Z","SqlDatabaseClient","getMatchPlayers()","Receive players from match","SUCCESS","system"
"67634399d9938d268d2acb11","2024-12-18T21:50:16.385Z","SqlDatabaseClient","getMatchPlayers()","Receive players from match","SUCCESS","system"
"67634399d9938d268d2acb12","2024-12-18T21:50:16.385Z","SqlDatabaseClient","getMatchPlayers()","Receive players from match","SUCCESS","system"
"67634399d9938d268d2acb13","2024-12-18T21:50:17.296Z","SqlDatabaseClient","getMatchHeroes()","Receive heroes data for match","SUCCESS","system"
"6763481de198a425c06e9b08","2024-12-18T22:09:33.065Z","SqlDatabaseClient","getMatchPlayers()","Receive players from match","SUCCESS","system"
"676348555397fe2be428ff4f","2024-12-18T22:10:28.788Z","SqlDatabaseClient","putMatchPlayers()","Parameter index out of range (8 > number of parameters, which is 7).","FAIL","system"
"676348555397fe2be428ff50","2024-12-18T22:10:27.393Z","SqlDatabaseClient","putMatch()","java.sql.SQLException: Parameter index out of range (8 > number of parameters, which is 7).","FAIL","system"
"676348555397fe2be428ff51","2024-12-18T22:10:29.856Z","SqlDatabaseClient","getMatchPlayers()","Receive players from match","SUCCESS","system"
"6763487878bc8e7092bbfa5d","2024-12-18T22:11:03.327Z","SqlDatabaseClient","getMatchPlayers()","Receive players from match","SUCCESS","system"
"6763495777a0062166c7d0f8","2024-12-18T22:14:46.284Z","SqlDatabaseClient","putMatchPlayers()","Parameter index out of range (8 > number of parameters, which is 7).","FAIL","system"
"6763495877a0062166c7d0f9","2024-12-18T22:14:46.280Z","SqlDatabaseClient","getMatchPlayers()","java.sql.SQLException: Parameter index out of range (8 > number of parameters, which is 7).","FAIL","system"
"6763498afa4cd3743dc579d8","2024-12-18T22:15:35.078Z","SqlDatabaseClient","putMatchPlayers()","Saved players for match","SUCCESS","system"
"6763498afa4cd3743dc579d9","2024-12-18T22:15:35.074Z","SqlDatabaseClient","getMatchPlayers()","Receive players from match","SUCCESS","system"
"676441082df0d575aadba3d0","2024-12-19T15:51:35.642Z","SqlDatabaseClient","getMatchPlayers()","Receive players from match","SUCCESS","system"
"6764413b14484c2d89483270","2024-12-19T15:52:25.542Z","SqlDatabaseClient","putMatchPlayers()","Saved players for match","SUCCESS","system"
"6764413b14484c2d89483271","2024-12-19T15:52:23.802Z","SqlDatabaseClient","putMatch()","Saved match by id","SUCCESS","system"
"6764413d14484c2d89483272","2024-12-19T15:52:27.894Z","SqlDatabaseClient","putMatchPlayers()","Saved players for match","SUCCESS","system"
"6764413d14484c2d89483273","2024-12-19T15:52:27.893Z","SqlDatabaseClient","getMatchPlayers()","Failed to find match data","FAIL","system"
"676441878d7efb502404b80d","2024-12-19T15:53:40.790Z","SqlDatabaseClient","putMatchPlayers()","Saved players for match","SUCCESS","system"
"676441878d7efb502404b80e","2024-12-19T15:53:40.786Z","SqlDatabaseClient","getMatchPlayers()","Failed to find match data","FAIL","system"
"676441dfd1782611401920fb","2024-12-19T15:55:06.013Z","SqlDatabaseClient","putMatchPlayers()","Saved players for match","SUCCESS","system"
"676441dfd1782611401920fc","2024-12-19T15:55:06.009Z","SqlDatabaseClient","getMatchPlayers()","Failed to find match data","FAIL","system"
"6764420245c6c67dbaadae37","2024-12-19T15:55:44.298Z","SqlDatabaseClient","putMatchPlayers()","Saved players for match","SUCCESS","system"
"6764420245c6c67dbaadae38","2024-12-19T15:55:42.635Z","SqlDatabaseClient","putMatch()","Saved match by id","SUCCESS","system"
"6764420245c6c67dbaadae39","2024-12-19T15:55:46.759Z","SqlDatabaseClient","getMatchPlayers()","Receive players from match","SUCCESS","system"
"6764421e88ded5294861abad","2024-12-19T15:56:13.328Z","SqlDatabaseClient","getMatchPlayers()","Receive players from match","SUCCESS","system"
"6764424054d9b42fbc4ac1c7","2024-12-19T15:56:46.271Z","SqlDatabaseClient","putMatchPlayers()","Saved players for match","SUCCESS","system"
"6764424054d9b42fbc4ac1c8","2024-12-19T15:56:44.478Z","SqlDatabaseClient","putMatch()","Saved match by id","SUCCESS","system"
"6764424054d9b42fbc4ac1c9","2024-12-19T15:56:48.821Z","SqlDatabaseClient","getMatchPlayers()","Receive players from match","SUCCESS","system"
"676442fcafbb5f689d248142","2024-12-19T15:59:51.429Z","SqlDatabaseClient","putMatchPlayers()","Saved players for match","SUCCESS","system"
"676442fcafbb5f689d248143","2024-12-19T15:59:49.721Z","SqlDatabaseClient","putMatch()","Saved match by id","SUCCESS","system"
"676442fcafbb5f689d248144","2024-12-19T15:59:56.511Z","SqlDatabaseClient","getMatchPlayers()","Receive players from match","SUCCESS","system"
"6764728f706b917ad7c9ebec","2024-12-19T19:22:54.756Z","SqlDatabaseClient","getMatchPlayers()","Receive players from match","SUCCESS","system"
"67647c9b4ee5ec697d7dd965","2024-12-19T20:05:44.465Z","SqlDatabaseClient","putPlayer()","JSONObject[""profile.account_id""] not found.","FAIL","system"
"67647d3a6a799f651a7d2bc2","2024-12-19T20:08:24.711Z","SqlDatabaseClient","putMatch()","JSONObject[""chat""] not found.","FAIL","system"
"67647d3a6a799f651a7d2bc3","2024-12-19T20:08:24.693Z","SqlDatabaseClient","getMatch()","Failed to find match data","FAIL","system"
"67647d3c6a799f651a7d2bc4","2024-12-19T20:08:26.978Z","SqlDatabaseClient","putMatchPlayers()","Saved players for match","SUCCESS","system"
"67647d3c6a799f651a7d2bc5","2024-12-19T20:08:26.976Z","SqlDatabaseClient","getMatchPlayers()","Failed to find match data","FAIL","system"
"67647d891ea0af6da8882ef5","2024-12-19T20:09:44.179Z","SqlDatabaseClient","putMatchPlayers()","Saved players for match","SUCCESS","system"
"67647d891ea0af6da8882ef6","2024-12-19T20:09:42.616Z","SqlDatabaseClient","putMatch()","Saved match by id","SUCCESS","system"
"67647d8a1ea0af6da8882ef7","2024-12-19T20:09:45.761Z","SqlDatabaseClient","putMatchPlayers()","Saved players for match","SUCCESS","system"
"67647d8b1ea0af6da8882ef8","2024-12-19T20:09:45.759Z","SqlDatabaseClient","getMatchPlayers()","Failed to find match data","FAIL","system"
"67647ddb8be4af49f519b333","2024-12-19T20:11:05.756Z","SqlDatabaseClient","putMatchPlayers()","Saved players for match","SUCCESS","system"
"67647ddc8be4af49f519b334","2024-12-19T20:11:05.749Z","SqlDatabaseClient","getMatchPlayers()","Failed to find match data","FAIL","system"
"67647e091a08542f45b350f1","2024-12-19T20:11:52.465Z","SqlDatabaseClient","putMatchPlayers()","Saved players for match","SUCCESS","system"
"67647e0a1a08542f45b350f2","2024-12-19T20:11:51.097Z","SqlDatabaseClient","putMatch()","Saved match by id","SUCCESS","system"
"67647e0b1a08542f45b350f3","2024-12-19T20:11:54.175Z","SqlDatabaseClient","putMatchPlayers()","Saved players for match","SUCCESS","system"
"67647e0b1a08542f45b350f4","2024-12-19T20:11:54.173Z","SqlDatabaseClient","getMatchPlayers()","Failed to find match data","FAIL","system"
"67647e8898ff3d720103b5cb","2024-12-19T20:13:55.577Z","SqlDatabaseClient","putMatchPlayers()","Saved players for match","SUCCESS","system"
"67647e8898ff3d720103b5cc","2024-12-19T20:13:55.572Z","SqlDatabaseClient","getMatchPlayers()","Failed to find match data","FAIL","system"
"67647eb81b404127d8b6bcf4","2024-12-19T20:14:42.635Z","SqlDatabaseClient","putMatchPlayers()","Saved players for match","SUCCESS","system"
"67647ee71b404127d8b6bcf5","2024-12-19T20:14:28.855Z","SqlDatabaseClient","getMatchPlayers()","Failed to find match data","FAIL","system"
"67647f659579414525a2e374","2024-12-19T20:15:46.117Z","SqlDatabaseClient","putMatchPlayers()","Saved players for match","SUCCESS","system"
"67647fac9579414525a2e375","2024-12-19T20:15:40.721Z","SqlDatabaseClient","getMatchPlayers()","Failed to find match data","FAIL","system"
"67647fca915f1e3370622a6a","2024-12-19T20:19:20.484Z","SqlDatabaseClient","putMatchPlayers()","Saved players for match","SUCCESS","system"
"67647fca915f1e3370622a6b","2024-12-19T20:19:19.102Z","SqlDatabaseClient","putMatch()","Saved match by id","SUCCESS","system"
"67647fca915f1e3370622a6c","2024-12-19T20:19:22.245Z","SqlDatabaseClient","getMatchPlayers()","Receive players from match","SUCCESS","system"
"676480479e75e733e37d389b","2024-12-19T20:21:26.009Z","SqlDatabaseClient","putPlayer()","JSONObject[""profile.account_id""] not found.","FAIL","system"
"676480594281fa3420e51a07","2024-12-19T20:21:43.509Z","SqlDatabaseClient","putPlayer()","JSONObject[""account_id""] not found.","FAIL","system"
"676480924b2b5a444c1b491a","2024-12-19T20:22:40.697Z","SqlDatabaseClient","putPlayer()","JSONObject[""win""] not found.","FAIL","system"
"676480e47dde1c22a1f2c8d7","2024-12-19T20:24:02.423Z","SqlDatabaseClient","putPlayer()","JSONObject[""win""] not found.","FAIL","system"
"676481531e1e5b358fd0e63e","2024-12-19T20:25:53.887Z","SqlDatabaseClient","putPlayer()","You have an error in your SQL syntax; check the manual that corresponds to your MySQL server version for the right syntax to use near 'rank, wins, losses, hasPlus, pings, rapiers,
    observers, sentries, towerDmg, ' at line 2","FAIL","system"
"67648188b51d8a6951121f42","2024-12-19T20:26:45.919Z","SqlDatabaseClient","putPlayer()","Cannot add or update a child row: a foreign key constraint fails (`dotatracker`.`players`, CONSTRAINT `players_ibfk_1` FOREIGN KEY (`id`) REFERENCES `match_players` (`player_id`) ON DELETE CASCADE)","FAIL","system"
"676481a57cc8510750a759cd","2024-12-19T20:27:15.336Z","SqlDatabaseClient","putPlayer()","Cannot add or update a child row: a foreign key constraint fails (`dotatracker`.`players`, CONSTRAINT `players_ibfk_1` FOREIGN KEY (`id`) REFERENCES `match_players` (`player_id`) ON DELETE CASCADE)","FAIL","system"
"67648299f719883693794906","2024-12-19T20:31:20.089Z","SqlDatabaseClient","putPlayer()","Cannot add or update a child row: a foreign key constraint fails (`dotatracker`.`players`, CONSTRAINT `players_ibfk_1` FOREIGN KEY (`id`) REFERENCES `match_players` (`player_id`) ON DELETE CASCADE)","FAIL","system"
"676482d7b99e2431c82c8864","2024-12-19T20:32:17.503Z","SqlDatabaseClient","putPlayer()","Saved player by id","SUCCESS","system"
"676482f7903e40322ffdbe32","2024-12-19T20:32:54.698Z","SqlDatabaseClient","putPlayer()","Saved player by id","SUCCESS","system"
"6764833fea389467c52920ab","2024-12-19T20:34:05.851Z","SqlDatabaseClient","putPlayer()","Saved player by id","SUCCESS","system"
"676486983286d3178a7e7010","2024-12-19T20:48:21.951Z","SqlDatabaseClient","putPlayer()","Saved player by id","SUCCESS","system"
"67648838fed8e13dcbcbee63","2024-12-19T20:55:19.147Z","SqlDatabaseClient","putPlayer()","Saved player by id","SUCCESS","system"
"6764888032e8b00bda5783ea","2024-12-19T20:56:31.187Z","SqlDatabaseClient","putPlayer()","Saved player by id","SUCCESS","system"
"676488a3530a565519fac12e","2024-12-19T20:57:06.493Z","SqlDatabaseClient","putPlayer()","Saved player by id","SUCCESS","system"
"676488bf5f943b3c6e016262","2024-12-19T20:57:33.732Z","SqlDatabaseClient","putPlayer()","Saved player by id","SUCCESS","system"
"676488d96c4f381880453483","2024-12-19T20:57:59.645Z","SqlDatabaseClient","putPlayer()","Saved player by id","SUCCESS","system"
"676488e932f0de23d074568a","2024-12-19T20:58:15.553Z","SqlDatabaseClient","putPlayer()","Saved player by id","SUCCESS","system"
"67648978902d8d5254fdfd23","2024-12-19T21:00:37.549Z","SqlDatabaseClient","putPlayer()","Saved player by id","SUCCESS","system"
"67648988c1fd052743ff6c04","2024-12-19T21:00:54.950Z","SqlDatabaseClient","putPlayer()","Saved player by id","SUCCESS","system"
"676489b873c52671e48c026a","2024-12-19T21:01:43.211Z","SqlDatabaseClient","putPlayer()","Saved player by id","SUCCESS","system"
"67648a17b763b657aba69913","2024-12-19T21:03:18.585Z","SqlDatabaseClient","putPlayer()","Saved player by id","SUCCESS","system"
"67648a231e87b6256ed8730d","2024-12-19T21:03:29.419Z","SqlDatabaseClient","putPlayer()","Saved player by id","SUCCESS","system"
"67648a8437c3c93e2da6efa7","2024-12-19T21:05:07.081Z","SqlDatabaseClient","putPlayer()","Saved player by id","SUCCESS","system"
"67648b2c56ae882797e85817","2024-12-19T21:07:54.527Z","SqlDatabaseClient","putPlayer()","Saved player by id","SUCCESS","system"
"67648b8c12c31b17a5db6399","2024-12-19T21:09:31.488Z","SqlDatabaseClient","putPlayer()","Saved player by id","SUCCESS","system"
"67648cd5edb96c0d8ef6e41b","2024-12-19T21:14:58.506Z","SqlDatabaseClient","putPlayer()","Saved player by id","SUCCESS","system"
"67648d4b56510934cd4812a5","2024-12-19T21:16:57.331Z","SqlDatabaseClient","putPlayer()","JSONObject[""win""] not found.","FAIL","system"
"67648da739ac5c6fc91f8be3","2024-12-19T21:18:29.357Z","SqlDatabaseClient","putPlayer()","Saved player by id","SUCCESS","system"
"67648e20e03de85eaa2ac713","2024-12-19T21:20:30.222Z","SqlDatabaseClient","putPlayer()","Saved player by id","SUCCESS","system"
"67648ec410002870e0d0c66e","2024-12-19T21:23:07.238Z","SqlDatabaseClient","putPlayer()","Saved player by id","SUCCESS","system"
"67649299f77a6e6330c4b1b7","2024-12-19T21:39:23.838Z","SqlDatabaseClient","putPlayer()","JSONObject[""fields""] not found.","FAIL","system"
"676492b5e971be7ae5675ad9","2024-12-19T21:39:54.177Z","SqlDatabaseClient","putPlayer()","Saved player by id","SUCCESS","system"
"6764935d3cb711163e2dbb32","2024-12-19T21:42:44.265Z","SqlDatabaseClient","putPlayer()","Saved player by id","SUCCESS","system"
"676495e12435453de779101b","2024-12-19T21:53:21.175Z","SqlDatabaseClient","putPlayer()","Saved player by id","SUCCESS","system"
"676495f5c9f52137a3268f41","2024-12-19T21:53:44.356Z","SqlDatabaseClient","putPlayer()","Saved player by id","SUCCESS","system"
"676496b52eeaa62a03f6edc7","2024-12-19T21:57:02.987Z","SqlDatabaseClient","putPlayer()","playerDataChat is null","FAIL","system"
"676496da4f9f807ab831a33d","2024-12-19T21:57:30.094Z","SqlDatabaseClient","putPlayer()","JSONObject[""my_word_counts""] is not a string (class org.json.JSONObject).","FAIL","system"
"67649708563328156f0467dc","2024-12-19T21:58:19.417Z","SqlDatabaseClient","putPlayer()","Data truncation: Data too long for column 'wordCount' at row 1","FAIL","system"
"6764975eb1d10c6cf9869c5f","2024-12-19T21:59:43.550Z","SqlDatabaseClient","putPlayer()","You have an error in your SQL syntax; check the manual that corresponds to your MySQL server version for the right syntax to use near '' at line 16","FAIL","system"
"676497b300b7d826c121d386","2024-12-19T22:00:36.058Z","SqlDatabaseClient","putPlayer()","Saved player by id","SUCCESS","system"
"676498704b361527e0337e96","2024-12-19T22:04:15.402Z","SqlDatabaseClient","putPlayer()","Saved player by id","SUCCESS","system"
"676498734b361527e0337e97","2024-12-19T22:04:32.260Z","SqlDatabaseClient","putPlayer()","Saved player by id","SUCCESS","system"
"676498764b361527e0337e98","2024-12-19T22:04:35.807Z","SqlDatabaseClient","putPlayer()","Saved player by id","SUCCESS","system"
"6764987c4b361527e0337e99","2024-12-19T22:04:38.518Z","SqlDatabaseClient","putPlayer()","Saved player by id","SUCCESS","system"
"6764988d4b361527e0337e9a","2024-12-19T22:04:44.883Z","SqlDatabaseClient","putPlayer()","Saved player by id","SUCCESS","system"
"6764989d4b361527e0337e9b","2024-12-19T22:05:01.189Z","SqlDatabaseClient","putPlayer()","Saved player by id","SUCCESS","system"
"676498a04b361527e0337e9c","2024-12-19T22:05:17.655Z","SqlDatabaseClient","putPlayer()","Saved player by id","SUCCESS","system"
"676498a54b361527e0337e9d","2024-12-19T22:05:20.852Z","SqlDatabaseClient","putPlayer()","Saved player by id","SUCCESS","system"
"676498aa4b361527e0337e9e","2024-12-19T22:05:25.584Z","SqlDatabaseClient","putPlayer()","Saved player by id","SUCCESS","system"
"676498aa4b361527e0337e9f","2024-12-19T22:04:14.432Z","SqlDatabaseClient","putMatchPlayers()","Saved players for match","SUCCESS","system"
"676498aa4b361527e0337ea0","2024-12-19T22:04:12.127Z","SqlDatabaseClient","putMatch()","Saved match by id","SUCCESS","system"
"676498aa4b361527e0337ea1","2024-12-19T22:05:30.251Z","SqlDatabaseClient","getMatchPlayers()","Receive players from match","SUCCESS","system"
"676498bb2b0b1e7adc48ffec","2024-12-19T22:05:46.586Z","SqlDatabaseClient","getMatchPlayers()","Receive players from match","SUCCESS","system"
